Video name,DATE,Played Time,Played Num,OSX Desktop,IOS,Linux Desktop,Window Desktop,Android,Bot,
20190115_sick_v2_480p.mp4,2019-01-15,216655,3582,89,424,15,2208,843,2,
20190115_Tseng_mou_480p.mp4,2019-01-15,227680,3243,58,341,3,1740,1099,2,
3manlive_ep60_480p.mp4,2019-01-15,307300,2194,73,226,7,1159,724,5,
3manlive_ep55_480p.mp4,2019-01-15,306100,2188,54,185,1,1283,663,2,
20190114_ENT_wong_480p.mp4,2019-01-15,32125,2035,63,120,11,1453,384,0,
20190115_WN_Taxi_480p.mp4,2019-01-15,106520,761,0,470,0,16,267,7,
20190114_ENT_tai_480p.mp4,2019-01-15,12390,749,60,95,6,356,226,6,
20190114_ENT_koo_480p.mp4,2019-01-15,34530,727,1,77,0,550,95,4,
20190114_Fin_TigerThermalBottle_480p.mp4,2019-01-15,12305,613,30,155,9,160,258,1,
3manLive_EP49_480p.mp4,2019-01-15,40445,344,20,46,0,90,187,1,
20190114_ChloeMaayan_480p.mp4,2019-01-15,3820,292,4,153,0,25,110,0,
3manLive_EP52_480p.mp4,2019-01-15,30195,271,0,61,0,23,181,4,
20190113_Ent_Ng_480p.mp4,2019-01-15,4975,248,0,45,9,82,111,1,
20190113_Ent_HSboys_480p.mp4,2019-01-15,5920,240,2,59,0,49,129,1,
20190114_WN_Tunnel_480p.mp4,2019-01-15,16760,199,0,95,0,43,61,0,
20190111_TGIF_Hotpot_480p.mp4,2019-01-15,1715,185,27,27,1,80,49,1,
20170119_IT_earphone_480p.mp4,2019-01-15,2665,154,0,62,0,4,81,2,
20190108_Tseng_kei_v2_480p.mp4,2019-01-15,7405,150,2,24,0,10,109,5,
3manlive_ep54_480p.mp4,2019-01-15,18485,132,0,16,0,60,55,1,
20190111_showbiz_tin_480p.mp4,2019-01-15,935,99,0,16,0,28,54,1,
20190101_Tseng_dan_v4_480p.mp4,2019-01-15,4480,81,2,23,0,13,43,0,
20190112_Ent_chan_480p.mp4,2019-01-15,1910,65,1,18,0,23,22,1,
20190113_Ent_MyolieWu_480p.mp4,2019-01-15,1290,60,0,21,0,20,13,6,
20190103_whatnews_720p.mp4,2019-01-15,1840,48,1,19,0,14,14,0,
20181225_Tsang_koi_480p.mp4,2019-01-15,3005,44,11,7,0,3,23,0,
3manLive_EP47_480p.mp4,2019-01-15,7440,41,0,6,0,23,12,0,
20170425_health_ball_480p.mp4,2019-01-15,610,35,0,3,0,3,29,0,
20190112_Ent_hung_480p.mp4,2019-01-15,1300,33,0,4,0,13,15,1,
20190108_oldShop_Tailer_v4_480p.mp4,2019-01-15,685,32,0,7,0,13,10,2,
20181227_C_fund_480p.mp4,2019-01-15,965,28,0,3,0,3,22,0,
20190113_WN_Kitchen_480p.mp4,2019-01-15,3280,27,0,17,0,7,3,0,
20180304_daily_shoes_480p.mp4,2019-01-15,140,26,3,4,0,4,15,0,
3manLive_EP3_480p.mp4,2019-01-15,1210,24,0,0,0,24,0,0,
ZOIE_480p.mp4,2019-01-15,1010,24,1,8,0,3,12,0,
20190101_Health_aspirin_480p.mp4,2019-01-15,415,22,0,3,0,2,17,0,
3manLive_EP51_480p.mp4,2019-01-15,2340,22,14,7,0,0,0,1,
20190110_ENT_amy_480p.mp4,2019-01-15,690,19,0,4,0,7,7,1,
20181204_health_vegetable_480p.mp4,2019-01-15,130,18,0,7,0,0,11,0,
20180124_minCook_Mussels_480p.mp4,2019-01-15,310,17,0,17,0,0,0,0,
20170822_Tseng_gam_480p.mp4,2019-01-15,330,17,1,3,0,4,9,0,
3manlive_ep42_480p.mp4,2019-01-15,80,16,2,0,0,6,8,0,
20190110_ENT_lam_480p.mp4,2019-01-15,420,15,0,3,0,7,4,1,
20181106_health_480p.mp4,2019-01-15,115,14,0,0,0,0,14,0,
20190110_ENT_film_480p.mp4,2019-01-15,255,14,0,2,0,11,0,1,
20180522_tseng_chi_v2_480p.mp4,2019-01-15,345,14,0,0,0,0,14,0,
20180911_Tseng_jing_480p.mp4,2019-01-15,465,13,0,0,0,2,11,0,
20190112_Ent_seungri_480p.mp4,2019-01-15,900,13,0,2,0,7,3,1,
20190109_WN_PhilippinesDrug_480p.mp4,2019-01-15,1570,13,0,9,0,0,4,0,
20190109_ENT_koo_480p.mp4,2019-01-15,240,12,0,2,0,4,5,1,
20171120_Econ_police_480p.mp4,2019-01-15,150,12,1,7,0,0,4,0,
20180515_Tsang_Bin_480p.mp4,2019-01-15,105,12,0,0,0,1,11,0,
3manLive_EP45_480p.mp4,2019-01-15,1655,12,0,4,0,0,8,0,
20190103_eat_pie_v2_480p.mp4,2019-01-15,455,11,0,0,0,1,10,0,
20181127_Tsang_Zik_480p.mp4,2019-01-15,560,11,1,1,0,1,8,0,
20181113_Tsang_Zou_480p.mp4,2019-01-15,135,10,0,0,0,1,9,0,
20180906_Peggy_DirtyLanguage_480p.mp4,2019-01-15,415,10,2,1,0,0,7,0,
20180530_TGIF_JWmarriott_480p.mp4,2019-01-15,0,10,0,0,0,10,0,0,
20190108_WN_NorikoSakai_480p.mp4,2019-01-15,690,9,0,2,0,3,4,0,
20181225_Ent_SiuSouth_480p.mp4,2019-01-15,355,9,0,0,0,2,7,0,
20171031_Health_Pregnant_480p.mp4,2019-01-15,35,9,0,5,0,0,4,0,
20190108_news_480p.mp4,2019-01-15,35,9,0,0,0,2,0,7,
20170320_daily_Rubbish_480p.mp4,2019-01-15,130,9,0,0,0,0,9,0,
20171221_IT_Casio_480p.mp4,2019-01-15,65,9,0,0,0,0,9,0,
20181218_ToyAwardsSlideshow_wMameshareLogo_R1_480p.mp4,2019-01-15,100,9,0,1,0,2,6,0,
20190107_3ManLive_Ep53_XiJinping_480p.mp4,2019-01-15,1995,9,0,6,0,2,1,0,
3manLive_EP48_480p.mp4,2019-01-15,2785,8,0,6,0,2,0,0,
20181229_Ent_Arron_480p.mp4,2019-01-15,90,8,0,1,0,3,4,0,
20170309_NetDaily_KoreanLadyHD_480p.mp4,2019-01-15,75,8,0,0,0,0,8,0,
20170511_Peggy_EP4_480p.mp4,2019-01-15,285,8,0,8,0,0,0,0,
20180307_health_sleep_480p.mp4,2019-01-15,70,8,0,0,0,0,7,1,
20170926_Netdaily_Soldier_480p.mp4,2019-01-15,330,8,0,2,0,0,6,0,
20180814_health_fit_480p.mp4,2019-01-15,85,8,0,0,0,0,8,0,
20190108_ENT_wong_480p.mp4,2019-01-15,315,8,0,6,0,0,0,2,
20181228_showbiz_DiorCheng_480p.mp4,2019-01-15,590,7,0,0,0,3,4,0,
20181211_Tseng_bik_v2_480p.mp4,2019-01-15,810,7,1,4,0,2,0,0,
20170613_health_PoYin_480p.mp4,2019-01-15,225,7,0,0,0,0,7,0,
20170518_peggy_papipupepo_2_480p.mp4,2019-01-15,450,7,0,7,0,0,0,0,
20181212_daily_Regina_480p.mp4,2019-01-15,90,7,0,0,0,0,7,0,
20170722_Ent_yeung_480p.mp4,2019-01-15,195,7,0,0,0,2,5,0,
20170812_Ent_SharonYeung_480p.mp4,2019-01-15,70,7,0,0,0,0,7,0,
20181009_Tsang_Money_v2_480p.mp4,2019-01-15,105,7,1,0,0,2,4,0,
20181120_tseng_480p.mp4,2019-01-15,290,7,0,0,0,3,4,0,
20170620_Tseng_save_v2_480p.mp4,2019-01-15,270,7,0,7,0,0,0,0,
20180803_TsangLokTung_B_480p.mp4,2019-01-15,35,6,0,2,0,0,4,0,
20180417_NetDaily_MTRLove_480p.mp4,2019-01-15,175,6,0,3,0,0,3,0,
20181230_ENT_mui_480p.mp4,2019-01-15,15,6,1,0,0,1,4,0,
20190108_CaptainMavel_480p.mp4,2019-01-15,115,6,0,3,0,2,0,1,
20180624_ENT_ng_480p.mp4,2019-01-15,135,6,0,5,0,1,0,0,
20170304_minicook_winewing_480p.mp4,2019-01-15,5,6,0,2,0,0,4,0,
20181023_Tsang_hat_480p.mp4,2019-01-15,560,6,1,0,0,1,4,0,
20181108_health_child_v2_480p.mp4,2019-01-15,35,6,0,3,0,0,3,0,
20171109_Peggy_grilledMeat_480p.mp4,2019-01-15,660,6,6,0,0,0,0,0,
20190103_ENT_yen_480p.mp4,2019-01-15,260,6,0,0,0,2,4,0,
20181204_Tseng_wun_480p.mp4,2019-01-15,55,6,1,0,0,1,4,0,
20181009_health_ADHD_480p.mp4,2019-01-15,185,5,0,0,0,1,4,0,
20181218_Ent_gill1_480p.mp4,2019-01-15,35,5,0,1,0,0,4,0,
20180413_TGIF_buffet_480p.mp4,2019-01-15,0,5,0,1,0,1,3,0,
20160926_cuson_period_480p.mp4,2019-01-15,35,5,0,0,0,0,4,1,
20181216_daily_v2_480p.mp4,2019-01-15,10,5,0,1,0,0,4,0,
20170425_Tseng_si_480p.mp4,2019-01-15,35,5,0,0,0,0,5,0,
20180508_health_diet_480p.mp4,2019-01-15,90,5,0,0,0,1,4,0,
20180713_showbiz_AGA_480p.mp4,2019-01-15,5,5,0,1,0,0,4,0,
20170706_cuson_70_v2_480p.mp4,2019-01-15,195,5,0,1,0,0,4,0,
20180807_Netdaily_480p.mp4,2019-01-15,70,5,0,5,0,0,0,0,
20181113_SangKee_480p.mp4,2019-01-15,0,5,0,5,0,0,0,0,
20181218_Tseng_zam_v2_480p.mp4,2019-01-15,480,5,1,2,0,2,0,0,
20170309_IT_Switch_v2_480p.mp4,2019-01-15,35,5,0,1,0,0,4,0,
20170110_health_vaginitis_V2_480p.mp4,2019-01-15,90,5,0,1,0,0,4,0,
20190110_IT_Zephyrus_480p.mp4,2019-01-15,260,5,0,3,0,2,0,0,
20181031_HotPot_480p.mp4,2019-01-15,10,5,0,1,0,0,4,0,
20171115_news_CSSA_480p.mp4,2019-01-15,45,5,0,0,0,1,4,0,
3manLive_EP46_480p.mp4,2019-01-15,260,5,0,1,0,2,2,0,
20180125_PunChoi_480p.mp4,2019-01-15,25,4,0,0,0,0,4,0,
20170801_daily_Hong_480p.mp4,2019-01-15,35,4,0,0,0,0,4,0,
20170301_minicook_BeefTongue_480p.mp4,2019-01-15,35,4,0,0,0,0,4,0,
3manLive_EP16_v2_480p.mp4,2019-01-15,1020,4,0,4,0,0,0,0,
20170208_Daily_Dog_480p.mp4,2019-01-15,35,4,0,0,0,0,4,0,
20181226_ENT_janice_480p.mp4,2019-01-15,275,4,0,0,0,4,0,0,
20180927_Daily_JamesTint_480p.mp4,2019-01-15,290,4,0,4,0,0,0,0,
20181129_IT_iPadPro_480p.mp4,2019-01-15,35,4,0,0,0,0,4,0,
20181024_NetDaily_OnlineLover_480p.mp4,2019-01-15,45,4,0,0,0,0,4,0,
20181127_Ent_lau_480p.mp4,2019-01-15,0,4,0,3,0,1,0,0,
20161227_Tseng_win_480p.mp4,2019-01-15,35,4,0,0,0,0,4,0,
20190105_Ent_TVB_480p.mp4,2019-01-15,0,4,0,1,0,3,0,0,
20180320_daily_bus_v2_480p.mp4,2019-01-15,45,4,0,0,0,0,4,0,
20171031_Tseng_maai_v3_480p.mp4,2019-01-15,20,4,0,0,0,0,4,0,
20190101_ENT_joey_480p.mp4,2019-01-15,0,4,0,0,0,4,0,0,
20180930_ENT_can1_480p.mp4,2019-01-15,135,4,0,0,0,0,4,0,
20170711_IT_JVC_480p.mp4,2019-01-15,45,4,0,0,0,0,4,0,
20180724_daily_newCash_480p.mp4,2019-01-15,35,4,0,0,0,0,4,0,
20190108_oldShop_Tailer_v3_480p.mp4,2019-01-15,35,4,0,1,0,0,3,0,
20180312_showbiz_ming_v2_480p.mp4,2019-01-15,530,4,0,2,0,0,2,0,
TrilogyTeaser_02FullVersion_480p.mp4,2019-01-15,35,4,0,0,0,0,4,0,
20181023_health_IBS_480p.mp4,2019-01-15,35,4,0,0,0,0,4,0,
20180119_TGIF_barbecue_480p.mp4,2019-01-15,65,4,0,0,0,0,4,0,
3manLive_EP39_480p.mp4,2019-01-15,510,4,1,1,0,2,0,0,
20170114_ENT_Miss_china_480p.mp4,2019-01-15,75,4,0,0,0,0,4,0,
20180209_TGIF_NewYearCake_480p.mp4,2019-01-15,35,4,0,0,0,0,4,0,
20180418_motherday_promoA_480p.mp4,2019-01-15,65,4,0,0,0,0,4,0,
20171130_LF_sale_480p.mp4,2019-01-15,35,4,0,0,0,0,4,0,
3manLive_EP31_480p.mp4,2019-01-15,5,4,0,0,0,0,4,0,
20170911_NetDaily_water_480p.mp4,2019-01-15,35,4,0,0,0,0,4,0,
20170523_IT_WifiBeddiGlow_480p.mp4,2019-01-15,45,4,0,0,0,0,4,0,
20171021_Ent_Cheung_480p.mp4,2019-01-15,120,4,0,0,0,0,4,0,
20180516_minCook_onionsoup_480p.mp4,2019-01-15,35,4,0,0,0,0,4,0,
20180503_ENT_eric_480p.mp4,2019-01-15,0,4,0,0,0,0,4,0,
20170615_IT_Spark_v4_480p.mp4,2019-01-15,100,4,0,0,0,0,4,0,
20170204_amcook_duckbreast_480p.mp4,2019-01-15,35,4,0,0,0,0,4,0,
20181106_Ent_lee_480p.mp4,2019-01-15,25,4,0,0,0,0,4,0,
3manLive_EP38_480p.mp4,2019-01-15,0,4,0,0,0,4,0,0,
20180524_ENT_misshk_480p.mp4,2019-01-15,5,4,0,0,0,0,4,0,
20180108_ENT_chan_480p.mp4,2019-01-15,25,4,0,0,0,0,4,0,
20180830_TGIF_v2_480p.mp4,2019-01-15,175,4,0,3,0,1,0,0,
20170311_mineat_nuts_480p.mp4,2019-01-15,35,4,0,0,0,0,4,0,
20181226_ENT_moon_480p.mp4,2019-01-15,400,4,0,0,0,4,0,0,
20190107_WN_TSA_480p.mp4,2019-01-15,490,4,0,4,0,0,0,0,
20171116_ENT_yeung_480p.mp4,2019-01-15,20,4,0,0,0,0,4,0,
20181020_Ent_LouisKoo_480p.mp4,2019-01-15,0,4,0,0,0,0,4,0,
20180503_ENT_koo_480p.mp4,2019-01-15,35,4,0,0,0,0,4,0,
20170406_daily_Tram_480p.mp4,2019-01-15,20,4,0,0,0,0,4,0,
20181119_FuHoRestaurant_480p.mp4,2019-01-15,0,4,0,4,0,0,0,0,
20180125_ENT_theresa_480p.mp4,2019-01-15,85,4,0,0,0,4,0,0,
20181229_Ent_hung_v2_480p.mp4,2019-01-15,0,3,0,0,0,3,0,0,
20181226_ENT_Tsang_480p.mp4,2019-01-15,185,3,0,0,0,3,0,0,
20190106_ENT_koo_480p.mp4,2019-01-15,320,3,0,3,0,0,0,0,
20181231_Ent_ma_480p.mp4,2019-01-15,0,3,0,0,0,3,0,0,
20171011_NetDaily_DubbingDad_480p.mp4,2019-01-15,50,3,0,0,0,0,3,0,
20181229_ENT_lau_480p.mp4,2019-01-15,0,3,0,0,0,3,0,0,
20171206_CraftSmith_Glasses_v2_480p.mp4,2019-01-15,0,3,0,2,0,1,0,0,
20180806_LandsSeminar_Rehearsal_480p.mp4,2019-01-15,5,3,0,0,0,0,3,0,
20181128_oldShop_SnakeFan_v2_480p.mp4,2019-01-15,400,3,0,1,0,2,0,0,
20180322_daily_accident_480p.mp4,2019-01-15,85,3,0,0,0,0,3,0,
20190102_ENT_cheng_480p.mp4,2019-01-15,170,3,0,2,0,0,0,1,
20171116_IT_Beoplay_480p.mp4,2019-01-15,110,3,0,3,0,0,0,0,
20170701_Ent_got7_480p.mp4,2019-01-15,95,3,0,3,0,0,0,0,
20171026_ENT_chow_480p.mp4,2019-01-15,65,3,0,0,0,3,0,0,
20170722_Ent_Portrait_480p.mp4,2019-01-15,160,3,0,2,0,1,0,0,
20180821_ENT_av_480p.mp4,2019-01-15,70,3,0,0,0,3,0,0,
20180503_NetDaily_Penguin_480p.mp4,2019-01-15,55,3,0,3,0,0,0,0,
20180925_Tseng_ham6_480p.mp4,2019-01-15,0,3,1,0,0,2,0,0,
20171207_Peggy_480p.mp4,2019-01-15,185,3,2,1,0,0,0,0,
20180620_oldshop_wood_v2_480p.mp4,2019-01-15,340,2,0,1,0,1,0,0,
3manlive_ep41_480p.mp4,2019-01-15,0,2,0,1,0,1,0,0,
20180906_LandsSeminar_480p.mp4,2019-01-15,90,2,0,1,0,1,0,0,
20170214_health_intestinal_480p.mp4,2019-01-15,0,2,0,2,0,0,0,0,
20190109_ENT_lam_480p.mp4,2019-01-15,80,2,0,1,0,0,0,1,
20190107_ENT_sit_480p.mp4,2019-01-15,0,2,0,0,0,0,0,2,
20190108_ENT_wu_480p.mp4,2019-01-15,0,2,0,0,0,2,0,0,
20180712_IT_FujifilmXT100_480p.mp4,2019-01-15,130,2,2,0,0,0,0,0,
20180803_LandsSeminar_EP1_480p.mp4,2019-01-15,130,2,0,0,0,2,0,0,
20181214_showbiz_Threesome_480p.mp4,2019-01-15,0,2,0,2,0,0,0,0,
20180122_TGIF_Cafe_480p.mp4,2019-01-15,115,2,0,0,0,2,0,0,
20180401_Spring_Echika_480p.mp4,2019-01-15,0,2,0,1,0,1,0,0,
20181205_ENT_fala_480p.mp4,2019-01-15,0,2,0,2,0,0,0,0,
20170802_ENT_TVB_480p.mp4,2019-01-15,90,2,0,2,0,0,0,0,
20180913_ENT_ng_480p.mp4,2019-01-15,95,2,0,2,0,0,0,0,
20190107_Ent_chan_480p.mp4,2019-01-15,0,2,0,0,0,0,0,2,
20180215_zodiac_Rat_480p.mp4,2019-01-15,0,2,0,2,0,0,0,0,
20170918_ENT_TVB_480p.mp4,2019-01-15,0,2,0,2,0,0,0,0,
20181002_Tsang_Wong_480p.mp4,2019-01-15,220,2,0,1,0,1,0,0,
3manLive_EP35_480p.mp4,2019-01-15,0,2,0,1,0,1,0,0,
20181121_ENT_dicly_480p.mp4,2019-01-15,0,2,0,0,0,2,0,0,
20170704_Tsang_Welcome_480p.mp4,2019-01-15,0,2,0,1,0,1,0,0,
20180724_ENT_lau_480p.mp4,2019-01-15,0,2,0,0,0,0,2,0,
3manLive_EP36_480p.mp4,2019-01-15,135,2,0,1,0,1,0,0,
20170409_Daily_FlushedWater_v2_480p.mp4,2019-01-15,0,2,0,0,0,2,0,0,
20190107_ent_ekin_480p.mp4,2019-01-15,0,2,0,0,0,0,2,0,
20190108_ENT_cheng_480p.mp4,2019-01-15,95,2,2,0,0,0,0,0,
20170906_minCook_Vegetable_480p.mp4,2019-01-15,60,2,0,2,0,0,0,0,
20181106_Tseng_mo_480p.mp4,2019-01-15,0,2,0,0,0,2,0,0,
20170704_ENT_ElvaNi_480p.mp4,2019-01-15,105,2,0,2,0,0,0,0,
20180529_ENT_ng_480p.mp4,2019-01-15,55,2,0,2,0,0,0,0,
20170809_ENT_Kay_480p.mp4,2019-01-15,0,2,0,0,0,0,2,0,
20181225_Ent_DeanieYip_480p.mp4,2019-01-15,185,2,0,0,0,2,0,0,
20180215_zodiac_Snake_480p.mp4,2019-01-15,145,2,0,0,0,2,0,0,
20170124_ENT_MatYeung_480p.mp4,2019-01-15,105,2,0,2,0,0,0,0,
20171107_ENT_aaron_480p.mp4,2019-01-15,100,2,0,0,0,2,0,0,
3manLive_EP29_v2_480p.mp4,2019-01-15,0,2,0,1,0,1,0,0,
20181114_XinDauJi_480p.mp4,2019-01-15,0,2,0,0,0,2,0,0,
3manLive_EP1_480p.mp4,2019-01-15,2195,2,0,0,0,2,0,0,
20171110_TGIF_HachiSawa_v2_480p.mp4,2019-01-15,0,2,0,2,0,0,0,0,
20181130_showbiz_HungKahoAshleyLam_480p.mp4,2019-01-15,0,2,0,2,0,0,0,0,
20180605_ENT_wu_v2_480p.mp4,2019-01-15,0,2,0,0,0,2,0,0,
20180809_Peggy_480p.mp4,2019-01-15,245,2,2,0,0,0,0,0,
20180611_financialReport_GreaterBayArea_480p.mp4,2019-01-15,0,2,0,1,0,1,0,0,
20190102_ENT_ma_480p.mp4,2019-01-15,0,2,0,0,0,1,0,1,
20171218_spring_eggrice_480p.mp4,2019-01-15,0,2,0,2,0,0,0,0,
20161120_cuson_short_480p.mp4,2019-01-15,0,2,0,2,0,0,0,0,
20181016_Tsang_Autumn_480p.mp4,2019-01-15,260,2,0,1,0,1,0,0,
20181218_sick_v2_480p.mp4,2019-01-15,330,2,0,2,0,0,0,0,
20170220_IT_toymachine_480p.mp4,2019-01-15,0,2,0,2,0,0,0,0,
20181225_ENT_MA_480p.mp4,2019-01-15,165,2,0,0,0,2,0,0,
20170822_ENT_TVXQ_480p.mp4,2019-01-15,0,1,0,0,0,0,0,1,
20180516_Ent_hsuan_480p.mp4,2019-01-15,0,1,0,0,0,0,0,1,
20180228_Ent_Supper_480p.mp4,2019-01-15,0,1,0,1,0,0,0,0,
20181217_ENT_lam_480p.mp4,2019-01-15,0,1,0,0,0,1,0,0,
20170531_minieat_chocolate_480p.mp4,2019-01-15,0,1,0,1,0,0,0,0,
20180824_LandsSeminar_Golf_480p.mp4,2019-01-15,0,1,0,0,0,1,0,0,
20171123_Peggy_480p.mp4,2019-01-15,0,1,0,1,0,0,0,0,
20180912_LandsSeminar_v2_480p.mp4,2019-01-15,0,1,0,0,0,1,0,0,
20180403_ENT_tsang_480p.mp4,2019-01-15,0,1,0,0,0,0,0,1,
20170111_cook_mango_v2_480p.mp4,2019-01-15,0,1,0,1,0,0,0,0,
3manlive_ep43_480p.mp4,2019-01-15,0,1,0,0,0,1,0,0,
20171114_ENT_lau_480p.mp4,2019-01-15,0,1,0,1,0,0,0,0,
20181029_LungGor_480p.mp4,2019-01-15,0,1,0,1,0,0,0,0,
20170207_health_uterus_1_480p.mp4,2019-01-15,0,1,0,0,0,1,0,0,
20180809_NetDaily_Shiba_480p.mp4,2019-01-15,0,1,0,1,0,0,0,0,
20171115_minCook_Pizza_480p.mp4,2019-01-15,0,1,0,1,0,0,0,0,
20181127_TalkUpAndDown_480p.mp4,2019-01-15,600,1,0,1,0,0,0,0,
20181125_listComp_baguio_v2_480p.mp4,2019-01-15,0,1,0,0,0,1,0,0,
20180814_ENT_tam_480p.mp4,2019-01-15,0,1,0,0,0,0,0,1,
20170526_daily_TrumpsEp2_480p.mp4,2019-01-15,0,1,0,0,0,0,1,0,
3manLive_EP18_480p.mp4,2019-01-15,390,1,0,0,0,1,0,0,
20180807_Tsang_man_480p.mp4,2019-01-15,0,1,1,0,0,0,0,0,
20171211_TGIF_Hotpot_480p.mp4,2019-01-15,130,1,0,0,0,1,0,0,
20181206_Ent_RosamundKwan_480p.mp4,2019-01-15,0,1,0,0,0,1,0,0,
20180927_ENT_chu_480p.mp4,2019-01-15,0,1,0,1,0,0,0,0,
20181022_fin_v2_480p.mp4,2019-01-15,0,1,0,1,0,0,0,0,
20171122_mincook_Rose_480p.mp4,2019-01-15,0,1,0,1,0,0,0,0,
20180419_Peggy_v2_480p.mp4,2019-01-15,0,1,0,0,0,1,0,0,
20181231_Ent_SammiCheng_480p.mp4,2019-01-15,0,1,0,0,0,0,0,1,
20190106_WhatsNew_Mortgage_480p.mp4,2019-01-15,455,1,0,1,0,0,0,0,
20181026_TGIF_Tea_480p.mp4,2019-01-15,0,1,0,0,0,1,0,0,
20170606_health_Stroke_480p.mp4,2019-01-15,0,1,0,0,0,1,0,0,
20170808_Ent_lau_480p.mp4,2019-01-15,0,1,0,0,0,1,0,0,
20170828_ENT_liza_480p.mp4,2019-01-15,0,1,0,0,0,1,0,0,
20181223_daily_tsunami_v3_480p.mp4,2019-01-15,0,1,0,0,0,1,0,0,
20170811_TGIF_DurianBuffet_480p.mp4,2019-01-15,0,1,0,0,0,1,0,0,
20170511_ENT_Aaron_480p.mp4,2019-01-15,0,1,0,1,0,0,0,0,
20180829_Tsang_jam_480p.mp4,2019-01-15,0,1,0,0,0,1,0,0,
20180918_ENT_tvb_480p.mp4,2019-01-15,0,1,0,0,0,1,0,0,
20181112_Finance_Tencent_480p.mp4,2019-01-15,5,1,0,1,0,0,0,0,
20180801_LandsSeminar_Interview_480p.mp4,2019-01-15,240,1,1,0,0,0,0,0,
3manLive_EP12_480p.mp4,2019-01-15,0,1,0,1,0,0,0,0,
20180703_health_headache_480p.mp4,2019-01-15,290,1,0,1,0,0,0,0,
3manLive_EP34_v2_480p.mp4,2019-01-15,0,1,0,1,0,0,0,0,
20181129_dailynews_china_480p.mp4,2019-01-15,230,1,0,0,0,1,0,0,
20170327_NetDaily_Turtle_480p.mp4,2019-01-15,35,1,0,1,0,0,0,0,
20170809_minieat_cheeseball_480p.mp4,2019-01-15,60,1,0,0,0,1,0,0,
20180318_ENT_film2_480p.mp4,2019-01-15,0,1,0,1,0,0,0,0,
20180718_ENT_gill_480p.mp4,2019-01-15,0,1,0,0,0,1,0,0,
20180207_minieat_480p.mp4,2019-01-15,165,1,0,1,0,0,0,0,
20170202_ENT_Sammi_480p.mp4,2019-01-15,0,1,0,0,0,0,0,1,
20180619_ENT_live_480p.mp4,2019-01-15,0,1,0,1,0,0,0,0,
20180205_Fin_HSBC_480p.mp4,2019-01-15,115,1,0,1,0,0,0,0,
20170312_ENT_YuqiZhang_480p.mp4,2019-01-15,0,1,0,0,0,1,0,0,
20170110_ENT_SUKI_480p.mp4,2019-01-15,35,1,0,0,0,1,0,0,
20181224_3ManLive_Ep40Xmas_480p.mp4,2019-01-15,0,1,0,0,0,1,0,0,
20170124_IT_SONY_480p.mp4,2019-01-15,0,1,0,1,0,0,0,0,
20171027_TGIF_Urchin_480p.mp4,2019-01-15,75,1,0,0,0,1,0,0,
20171127_ENT_tvb_480p.mp4,2019-01-15,0,1,0,0,0,1,0,0,
20181212_ENT_grace_480p.mp4,2019-01-15,0,1,0,0,0,1,0,0,
20170817_cuson_citysick_480p.mp4,2019-01-15,90,1,0,0,0,1,0,0,
20170801_Tseng_zok_480p.mp4,2019-01-15,0,1,0,0,0,1,0,0,
20180914_Showbiz_Jason_v2_480p.mp4,2019-01-15,245,1,1,0,0,0,0,0,
20170808_amStory_intDe_480p.mp4,2019-01-15,0,1,0,1,0,0,0,0,
20181209_ENT_hui_480p.mp4,2019-01-15,0,1,0,0,0,1,0,0,
20170612_daily_TuenMun_480p.mp4,2019-01-15,0,1,0,0,0,1,0,0,
20170328_TrendReport_Manolo_480p.mp4,2019-01-15,0,1,0,1,0,0,0,0,
20171023_ENT_liza_480p.mp4,2019-01-15,5,1,0,0,0,1,0,0,
20180226_ENT_live_480p.mp4,2019-01-15,0,1,0,0,0,1,0,0,
20180831_andy_HKPolice_480p.mp4,2019-01-15,0,1,0,1,0,0,0,0,
20180912_ENT_lee_480p.mp4,2019-01-15,0,1,0,1,0,0,0,0,
20170827_ENT_Wang_480p.mp4,2019-01-15,0,1,0,0,0,1,0,0,
20170608_IT_VModa_480p.mp4,2019-01-15,0,1,0,0,0,1,0,0,
20171229_showbiz_MandyLam_480p.mp4,2019-01-15,0,1,0,0,0,1,0,0,
20180814_NetDaily_Girl_480p.mp4,2019-01-15,30,1,0,0,0,1,0,0,
20180128_ENT_so_480p.mp4,2019-01-15,0,1,0,0,0,1,0,0,
20170210_Anticancer_480p.mp4,2019-01-15,0,1,0,0,0,1,0,0,
20170302_Daily_Cloths_HD_480p.mp4,2019-01-15,0,1,0,1,0,0,0,0,
20181107_Eat_oolongtea_480p.mp4,2019-01-15,100,1,0,0,0,1,0,0,
20171128_Tseng_House_480p.mp4,2019-01-15,0,1,0,1,0,0,0,0,
20180215_zodiac_Dragon_480p.mp4,2019-01-15,110,1,0,0,0,1,0,0,
20181030_Tsang_chong_480p.mp4,2019-01-15,0,1,0,0,0,1,0,0,
20181003_ENT_cheung_480p.mp4,2019-01-15,140,1,0,1,0,0,0,0,
20181123_Showbiz_Anthony_480p.mp4,2019-01-15,0,1,0,1,0,0,0,0,
20180928_TGIF_pancake_480p.mp4,2019-01-15,0,1,0,1,0,0,0,0,
20181030_ENT_chung_480p.mp4,2019-01-15,0,1,0,0,0,1,0,0,
20180604_ENT_kelly_480p.mp4,2019-01-15,0,1,0,1,0,0,0,0,
20181220_ENT_gill2_480p.mp4,2019-01-15,0,1,0,1,0,0,0,0,
20171031_covernews_ElectricCarB_480p.mp4,2019-01-15,0,1,0,1,0,0,0,0,
20171227_ENT_tvb_480p.mp4,2019-01-15,0,1,0,0,0,1,0,0,
20161205_IT_Wacom_v2_480p.mp4,2019-01-15,0,1,0,0,0,1,0,0,
20161229_Peggy_EP2_480p.mp4,2019-01-15,0,1,0,0,0,1,0,0,
20171221_Netdaily_Penguin_480p.mp4,2019-01-15,20,1,0,0,0,1,0,0,
20170727_IT_Carousell_480p.mp4,2019-01-15,0,1,0,0,0,1,0,0,
20180817_showbiz_JustinEp02_480p.mp4,2019-01-15,0,1,0,1,0,0,0,0,
20180429_ENT_lee_480p.mp4,2019-01-15,0,1,0,0,0,1,0,0,
20180723_Fin_GHKMBay_480p.mp4,2019-01-15,0,1,0,0,0,1,0,0,
20180429_ENT_tam_480p.mp4,2019-01-15,110,1,0,0,0,1,0,0,
20181222_Ent_WongChoNam_480p.mp4,2019-01-15,0,1,0,0,0,0,1,0,
20170114_Ent_Kwok_480p.mp4,2019-01-15,30,1,0,1,0,0,0,0,
20171108_mincook_Calamari_480p.mp4,2019-01-15,120,1,0,0,0,1,0,0,
20180119_showbiz_LouisaMak_480p.mp4,2019-01-15,100,1,0,0,0,1,0,0,
20181008_Ent_kin_480p.mp4,2019-01-15,0,1,0,1,0,0,0,0,
20170221_IT_SmarTone_v2_480p.mp4,2019-01-15,0,1,0,0,0,1,0,0,
20170323_NetDaily_Bird_480p.mp4,2019-01-15,45,1,0,0,0,1,0,0,
20180925_health_Thyroid_480p.mp4,2019-01-15,15,1,0,1,0,0,0,0,
20170831_CuNews_Hotel_480p.mp4,2019-01-15,70,1,0,0,0,1,0,0,
20181205_Doubleup_elderTech_480p.mp4,2019-01-15,0,1,0,0,0,1,0,0,
20171205_Health_Hurt_480p.mp4,2019-01-15,0,1,0,0,0,1,0,0,
20180113_Ent_WangChieh_480p.mp4,2019-01-15,0,1,0,0,0,1,0,0,
20181114_JeanLouisDavid_480p.mp4,2019-01-15,35,1,0,1,0,0,0,0,
20180517_Peggy_GreenFarm_480p.mp4,2019-01-15,0,1,0,0,0,1,0,0,
20170322_minCook_strawberry_v2_480p.mp4,2019-01-15,80,1,1,0,0,0,0,0,
20180829_ENT_kiko_480p.mp4,2019-01-15,0,1,0,1,0,0,0,0,
20181119_3manLive_480p.mp4,2019-01-15,0,1,0,0,0,1,0,0,
20180626_senza_4min_480p.mp4,2019-01-15,0,1,0,0,0,1,0,0,
20170622_CuNews_Glasses_480p.mp4,2019-01-15,0,1,0,1,0,0,0,0,
20181222_ENT_joey_480p.mp4,2019-01-15,0,1,0,1,0,0,0,0,
20170626_daily_NY_480p.mp4,2019-01-15,0,1,0,0,0,0,1,0,
20190104_TGIF_LeBreadLab_480p.mp4,2019-01-15,0,1,0,0,0,1,0,0,
20181120_Sick_eye_480p.mp4,2019-01-15,0,1,0,0,0,1,0,0,
20170330_IT_Panasonic_480p.mp4,2019-01-15,0,1,1,0,0,0,0,0,
20181115_HotinAPot_480p.mp4,2019-01-15,0,1,0,1,0,0,0,0,
20161219_daily_Kindergarten_v2_480p.mp4,2019-01-15,0,1,0,1,0,0,0,0,
20180803_TsangLokTung_Travel_480p.mp4,2019-01-15,155,1,0,1,0,0,0,0,
20180108_JP_Panda_480p.mp4,2019-01-15,80,1,0,1,0,0,0,0,
20170817_ENT_liza_480p.mp4,2019-01-15,0,1,0,0,0,1,0,0,
20170510_ENT_Gigi_480p.mp4,2019-01-15,0,1,0,1,0,0,0,0,
20170209_IT_PMQ_480p.mp4,2019-01-15,0,1,0,0,0,1,0,0,
20181031_Ent_Bosco_480p.mp4,2019-01-15,0,1,0,0,0,1,0,0,
20180731_FinanceLive_360p.mp4,2019-01-15,5,1,0,1,0,0,0,0,
20181115_ColumnV_PrimarySchool_480p.mp4,2019-01-15,0,1,0,1,0,0,0,0,
20170909_Ent_hinCheung_480p.mp4,2019-01-15,0,1,0,0,0,0,1,0,
20170420_Ent_JulianCheung_480p.mp4,2019-01-15,0,1,0,1,0,0,0,0,
3manLive_EP21_480p.mp4,2019-01-15,0,1,0,1,0,0,0,0,
20170225_minicook_Sake_480p.mp4,2019-01-15,0,1,0,1,0,0,0,0,
20180322_ENT_night_480p.mp4,2019-01-15,0,1,0,1,0,0,0,0,
20180918_Tsang_Typhoon_v2_480p.mp4,2019-01-15,0,1,0,0,0,1,0,0,
20180510_Story_mother_480p.mp4,2019-01-15,0,1,0,1,0,0,0,0,
20161221_daily_Mexico_480p.mp4,2019-01-15,0,1,0,0,0,1,0,0,
20181220_ENT_gill_480p.mp4,2019-01-15,0,1,0,0,0,1,0,0,
20170717_Fin_Cambodia_480p.mp4,2019-01-15,0,1,0,1,0,0,0,0,
20180517_ENT_Sam_480p.mp4,2019-01-15,115,1,0,0,0,1,0,0,
20181128_Daily_lightShow_480p.mp4,2019-01-15,25,1,0,0,0,1,0,0,
20181217_interview_ShihWingChing_480p.mp4,2019-01-15,0,1,0,0,0,1,0,0,
20170423_daily_syrian_480p.mp4,2019-01-15,80,1,0,0,0,1,0,0,
3manLive_EP4_480p.mp4,2019-01-15,0,1,0,0,0,1,0,0,
20181027_Ent_gary_480p.mp4,2019-01-15,0,1,0,1,0,0,0,0,
20190106_ENT_cheung_480p.mp4,2019-01-15,0,1,0,1,0,0,0,0,
20180703_Tsang_Yue_480p.mp4,2019-01-15,0,1,0,0,0,1,0,0,
20170826_Ent_so_480p.mp4,2019-01-15,0,1,0,0,0,1,0,0,
20170215_TrendReport_FURLA_480p.mp4,2019-01-15,0,1,0,1,0,0,0,0,
20170725_ENT_Lisa_V1_480p.mp4,2019-01-15,0,1,0,0,0,1,0,0,
20170511_IT_Beoplay_480p.mp4,2019-01-15,55,1,0,0,0,1,0,0,
20181030_trendreport_calendar_480p.mp4,2019-01-15,0,1,0,0,0,1,0,0,
20170103_Daily_Cartoon_v2_480p.mp4,2019-01-15,170,1,0,0,0,1,0,0,
20170613_ENT_Liza_480p.mp4,2019-01-15,0,1,0,0,0,1,0,0,
20180624_ENT_sammi_480p.mp4,2019-01-15,0,1,0,1,0,0,0,0,
20180905_ENT_wong_480p.mp4,2019-01-15,0,1,0,0,0,1,0,0,
20170501_daily_CrossTheRoad_480p.mp4,2019-01-15,0,1,0,0,0,1,0,0,
20170209_ENT_EricTsang_480p.mp4,2019-01-15,0,1,0,1,0,0,0,0,
20170713_Peggy_480p.mp4,2019-01-15,185,1,0,0,0,1,0,0,
20180129_Econ_700_480p.mp4,2019-01-15,0,1,0,0,0,1,0,0,
20180726_IT_Samsung_480p.mp4,2019-01-15,35,1,1,0,0,0,0,0,
20181223_whatnews_480p.mp4,2019-01-15,0,1,0,0,0,1,0,0,
3manLive_EP28_480p.mp4,2019-01-15,0,1,0,1,0,0,0,0,
20180705_ENT_wong_480p.mp4,2019-01-15,0,1,0,0,0,1,0,0,
20181128_ColumnV_bible_480p.mp4,2019-01-15,0,1,0,0,0,0,1,0,
20171024_Health_heart_480p.mp4,2019-01-15,0,1,0,1,0,0,0,0,
20170527_Ent_Ronaldo_480p.mp4,2019-01-15,125,1,0,1,0,0,0,0,
20180814_LandsSeminar_v3_480p.mp4,2019-01-15,90,0,0,0,0,0,0,0,
20170614_minieat_tart_480p.mp4,2019-01-15,10,0,0,0,0,0,0,0,
